sensor_id,timestamp,temperature,humidity,location,sensor_type
1030,2025-04-06 11:13:43,33.59,40.94,BuildingA_Floor2,TypeC
1083,2025-04-07 02:33:05,20.89,49.43,BuildingA_Floor1,TypeA
1066,2025-04-05 13:10:19,31.07,52.75,BuildingB_Floor2,TypeA
1022,2025-04-06 16:31:19,30.19,39.59,BuildingA_Floor2,TypeA
1094,2025-04-03 05:30:20,31.1,59.99,BuildingA_Floor1,TypeC
1091,2025-04-05 20:17:06,34.29,34.73,BuildingB_Floor1,TypeA
1024,2025-04-05 19:55:02,26.37,58.83,BuildingB_Floor1,TypeB
1072,2025-04-06 12:23:54,32.44,45.6,BuildingB_Floor2,TypeB
1053,2025-04-04 00:18:17,32.51,77.13,BuildingA_Floor2,TypeC
1065,2025-04-06 06:25:10,21.07,70.57,BuildingB_Floor1,TypeC
1094,2025-04-04 15:54:46,17.78,58.29,BuildingA_Floor1,TypeB
1049,2025-04-07 06:39:06,30.51,31.67,BuildingB_Floor2,TypeC
1067,2025-04-06 21:47:37,23.1,60.07,BuildingA_Floor2,TypeB
1055,2025-04-07 03:19:44,28.25,44.26,BuildingB_Floor2,TypeB
1035,2025-04-05 01:31:28,28.37,77.81,BuildingA_Floor2,TypeA
1064,2025-04-03 04:52:19,21.59,59.51,BuildingB_Floor2,TypeA
1022,2025-04-05 17:25:54,15.94,75.94,BuildingA_Floor1,TypeB
1002,2025-04-03 02:53:55,33.59,53.16,BuildingB_Floor2,TypeA
1086,2025-04-06 17:38:08,26.72,76.07,BuildingA_Floor1,TypeA
1080,2025-04-03 12:46:22,33.33,63.26,BuildingA_Floor1,TypeC
1096,2025-04-06 12:13:17,22.84,65.29,BuildingB_Floor2,TypeB
1091,2025-04-06 06:20:10,31.49,56.53,BuildingB_Floor1,TypeB
1044,2025-04-05 11:13:35,20.97,58.54,BuildingB_Floor2,TypeC
1089,2025-04-06 06:23:00,16.13,78.9,BuildingA_Floor1,TypeA
1028,2025-04-06 20:38:58,24.58,40.94,BuildingB_Floor1,TypeC
1055,2025-04-03 17:25:27,19.55,56.78,BuildingB_Floor2,TypeC
1087,2025-04-05 04:02:29,21.49,63.02,BuildingB_Floor2,TypeB
1088,2025-04-06 06:43:01,17.75,79.4,BuildingA_Floor1,TypeB
1016,2025-04-06 13:58:18,16.77,36.43,BuildingA_Floor2,TypeC
1061,2025-04-07 06:35:39,18.34,66.97,BuildingB_Floor1,TypeC
1032,2025-04-03 17:10:00,22.91,65.95,BuildingB_Floor1,TypeA
1033,2025-04-04 15:59:50,30.61,79.1,BuildingA_Floor1,TypeB
1076,2025-04-03 03:32:09,21.94,73.82,BuildingA_Floor2,TypeB
1075,2025-04-03 13:06:34,33.17,64.57,BuildingB_Floor2,TypeB
1072,2025-04-06 18:38:10,30.04,76.78,BuildingA_Floor1,TypeB
1001,2025-04-04 18:18:14,20.47,67.78,BuildingA_Floor1,TypeA
1006,2025-04-03 13:34:29,22.82,50.51,BuildingB_Floor1,TypeC
1003,2025-04-06 10:28:45,32.36,65.73,BuildingA_Floor1,TypeB
1050,2025-04-05 17:28:34,21.89,52.96,BuildingB_Floor1,TypeB
1025,2025-04-05 02:55:08,34.48,40.76,BuildingB_Floor2,TypeC
1001,2025-04-03 19:11:50,21.79,41.46,BuildingB_Floor1,TypeA
1057,2025-04-03 11:37:58,24.71,36.54,BuildingA_Floor1,TypeA
1004,2025-04-05 14:14:17,17.43,36.81,BuildingB_Floor1,TypeC
1004,2025-04-06 23:42:06,31.91,41.58,BuildingA_Floor2,TypeB
1096,2025-04-03 05:07:28,33.04,52.61,BuildingA_Floor1,TypeB
1066,2025-04-07 00:58:48,15.17,77.72,BuildingA_Floor1,TypeC
1009,2025-04-03 18:34:12,30.34,38.08,BuildingB_Floor2,TypeA
1094,2025-04-05 14:16:21,32.66,32.19,BuildingA_Floor1,TypeC
1063,2025-04-06 21:09:01,20.72,34.57,BuildingB_Floor2,TypeA
1083,2025-04-04 11:53:00,33.83,42.04,BuildingB_Floor1,TypeC
1057,2025-04-04 12:02:43,22.73,31.33,BuildingB_Floor1,TypeC
1083,2025-04-05 12:03:06,32.38,45.99,BuildingB_Floor1,TypeA
1031,2025-04-05 17:58:26,27.3,44.37,BuildingB_Floor1,TypeB
1042,2025-04-04 12:53:23,26.08,30.02,BuildingB_Floor2,TypeA
1044,2025-04-05 23:26:42,32.47,79.53,BuildingB_Floor1,TypeA
1029,2025-04-07 03:15:52,22.32,68.17,BuildingA_Floor2,TypeC
1099,2025-04-07 00:59:34,26.81,78.45,BuildingA_Floor2,TypeB
1029,2025-04-05 16:18:21,19.99,37.48,BuildingB_Floor1,TypeB
1009,2025-04-05 16:43:34,27.64,60.88,BuildingA_Floor2,TypeA
1003,2025-04-05 23:58:08,29.21,40.6,BuildingA_Floor1,TypeC
1019,2025-04-04 20:43:51,22.59,55.07,BuildingB_Floor1,TypeB
1041,2025-04-02 21:32:29,17.32,32.19,BuildingA_Floor2,TypeB
1083,2025-04-05 16:40:57,20.26,59.76,BuildingA_Floor2,TypeC
1039,2025-04-03 01:58:58,31.69,34.21,BuildingB_Floor2,TypeC
1001,2025-04-07 07:17:53,30.55,62.2,BuildingB_Floor1,TypeB
1079,2025-04-05 01:34:57,33.11,46.09,BuildingB_Floor2,TypeC
1019,2025-04-07 02:20:16,23.8,31.18,BuildingA_Floor2,TypeC
1031,2025-04-04 14:01:16,27.27,43.86,BuildingA_Floor2,TypeC
1008,2025-04-05 19:31:53,25.86,61.74,BuildingB_Floor1,TypeC
1037,2025-04-06 22:01:59,25.53,33.8,BuildingA_Floor2,TypeC
1040,2025-04-06 02:31:50,24.18,41.94,BuildingB_Floor1,TypeB
1079,2025-04-05 10:29:30,31.31,72.07,BuildingA_Floor1,TypeB
1053,2025-04-06 05:04:53,30.0,54.67,BuildingA_Floor2,TypeA
1064,2025-04-06 18:44:47,16.75,42.7,BuildingB_Floor2,TypeA
1034,2025-04-04 04:13:09,25.72,47.07,BuildingB_Floor2,TypeA
1057,2025-04-05 10:51:52,17.52,72.61,BuildingB_Floor1,TypeB
1019,2025-04-06 18:03:21,34.06,30.19,BuildingA_Floor1,TypeA
1043,2025-04-03 23:50:09,30.76,47.03,BuildingB_Floor2,TypeC
1042,2025-04-04 12:45:18,30.0,35.03,BuildingB_Floor2,TypeB
1079,2025-04-06 06:53:49,31.08,62.37,BuildingB_Floor1,TypeA
1023,2025-04-05 15:14:28,22.42,36.01,BuildingA_Floor2,TypeA
1011,2025-04-06 04:51:27,34.51,45.43,BuildingA_Floor1,TypeC
1038,2025-04-04 09:03:28,19.62,72.76,BuildingB_Floor2,TypeB
1057,2025-04-05 12:17:16,23.13,33.99,BuildingA_Floor2,TypeB
1090,2025-04-04 03:57:17,27.31,50.62,BuildingA_Floor1,TypeA
1060,2025-04-05 12:06:31,26.55,79.84,BuildingB_Floor2,TypeB
1009,2025-04-07 08:49:31,15.12,63.04,BuildingA_Floor2,TypeB
1024,2025-04-03 18:33:10,29.91,68.83,BuildingB_Floor1,TypeC
1005,2025-04-05 17:38:12,19.01,54.88,BuildingB_Floor1,TypeA
1085,2025-04-06 07:20:17,34.1,68.51,BuildingB_Floor1,TypeA
1095,2025-04-04 07:08:26,20.02,41.26,BuildingA_Floor2,TypeB
1038,2025-04-04 15:30:04,32.41,37.02,BuildingA_Floor2,TypeB
1078,2025-04-04 18:43:54,29.03,34.72,BuildingB_Floor2,TypeA
1067,2025-04-06 08:29:21,16.82,35.91,BuildingA_Floor1,TypeA
1033,2025-04-04 20:52:24,17.4,76.08,BuildingB_Floor1,TypeA
1037,2025-04-05 14:01:28,15.81,31.64,BuildingA_Floor2,TypeC
1085,2025-04-07 10:18:30,29.37,66.34,BuildingB_Floor1,TypeA
1010,2025-04-06 13:57:20,16.28,35.46,BuildingA_Floor1,TypeC
1061,2025-04-02 23:50:22,30.12,78.45,BuildingB_Floor1,TypeB
1057,2025-04-02 23:34:32,24.88,45.2,BuildingA_Floor2,TypeA
1099,2025-04-05 06:53:52,32.14,66.01,BuildingB_Floor2,TypeB
1012,2025-04-04 16:44:21,30.74,40.76,BuildingA_Floor1,TypeB
1056,2025-04-02 21:30:37,29.87,62.85,BuildingA_Floor1,TypeA
1061,2025-04-06 21:24:42,18.61,38.46,BuildingA_Floor1,TypeC
1044,2025-04-05 08:45:50,29.71,62.79,BuildingB_Floor2,TypeC
1022,2025-04-05 14:54:48,33.99,49.59,BuildingB_Floor1,TypeB
1060,2025-04-05 07:11:26,31.73,51.94,BuildingB_Floor1,TypeB
1052,2025-04-05 11:41:18,24.15,60.17,BuildingB_Floor2,TypeB
1001,2025-04-03 16:02:14,23.84,39.26,BuildingB_Floor2,TypeB
1099,2025-04-04 07:24:48,34.99,55.14,BuildingA_Floor1,TypeA
1053,2025-04-05 04:08:13,28.65,72.46,BuildingA_Floor1,TypeC
1048,2025-04-03 20:04:17,28.1,33.47,BuildingA_Floor2,TypeC
1025,2025-04-02 20:35:59,29.99,64.01,BuildingB_Floor2,TypeC
1058,2025-04-04 07:30:04,23.32,41.75,BuildingB_Floor2,TypeC
1002,2025-04-06 00:15:35,30.85,54.64,BuildingB_Floor2,TypeA
1034,2025-04-06 20:02:18,17.97,58.06,BuildingA_Floor2,TypeA
1014,2025-04-04 20:47:18,20.55,52.14,BuildingA_Floor2,TypeA
1026,2025-04-05 18:18:24,19.91,33.84,BuildingB_Floor1,TypeA
1058,2025-04-03 22:01:11,23.65,51.51,BuildingB_Floor2,TypeC
1075,2025-04-02 14:20:44,19.93,35.95,BuildingA_Floor1,TypeC
1059,2025-04-06 17:10:11,22.71,63.5,BuildingB_Floor2,TypeB
1001,2025-04-06 08:45:17,29.53,39.8,BuildingB_Floor1,TypeC
1010,2025-04-05 22:09:41,20.04,78.63,BuildingA_Floor2,TypeC
1094,2025-04-03 08:39:41,22.97,50.06,BuildingB_Floor2,TypeB
1007,2025-04-07 01:21:12,25.14,33.09,BuildingA_Floor1,TypeB
1009,2025-04-06 06:00:00,19.05,35.85,BuildingB_Floor2,TypeA
1052,2025-04-03 22:34:19,33.02,66.83,BuildingB_Floor1,TypeA
1005,2025-04-06 12:00:29,16.28,39.57,BuildingA_Floor1,TypeB
1019,2025-04-05 22:13:13,29.62,61.04,BuildingB_Floor2,TypeC
1027,2025-04-03 05:32:28,20.21,31.69,BuildingA_Floor1,TypeC
1062,2025-04-04 21:41:35,20.25,66.46,BuildingB_Floor2,TypeC
1029,2025-04-03 08:19:57,29.26,46.68,BuildingB_Floor2,TypeA
1001,2025-04-03 08:00:30,16.67,78.23,BuildingA_Floor1,TypeA
1031,2025-04-05 06:39:06,27.19,46.53,BuildingB_Floor2,TypeB
1029,2025-04-02 23:53:40,33.71,50.72,BuildingB_Floor2,TypeB
1059,2025-04-06 00:32:11,15.79,75.13,BuildingA_Floor2,TypeB
1076,2025-04-04 15:54:43,25.36,54.67,BuildingA_Floor1,TypeA
1015,2025-04-05 12:45:57,17.68,31.72,BuildingA_Floor1,TypeB
1046,2025-04-02 14:09:04,16.73,42.44,BuildingB_Floor1,TypeB
1079,2025-04-07 08:32:37,24.64,31.42,BuildingB_Floor2,TypeA
1046,2025-04-04 13:25:37,25.57,42.89,BuildingB_Floor1,TypeA
1071,2025-04-06 09:01:25,18.71,78.52,BuildingB_Floor1,TypeA
1095,2025-04-06 07:04:59,17.65,45.13,BuildingB_Floor2,TypeA
1016,2025-04-03 20:16:57,29.28,49.57,BuildingB_Floor1,TypeC
1035,2025-04-07 04:17:02,33.01,75.85,BuildingA_Floor2,TypeA
1050,2025-04-02 14:26:42,27.4,35.61,BuildingA_Floor2,TypeA
1099,2025-04-02 12:27:16,20.02,70.06,BuildingA_Floor2,TypeA
1041,2025-04-07 01:15:14,18.92,76.38,BuildingA_Floor2,TypeA
1022,2025-04-02 16:21:13,31.87,49.82,BuildingB_Floor2,TypeB
1067,2025-04-04 21:21:54,23.36,44.8,BuildingA_Floor1,TypeA
1071,2025-04-06 20:46:08,16.14,47.43,BuildingA_Floor1,TypeC
1033,2025-04-06 07:20:10,33.16,57.83,BuildingA_Floor1,TypeB
1035,2025-04-03 18:01:33,29.11,57.55,BuildingA_Floor2,TypeB
1070,2025-04-02 14:31:18,24.17,74.59,BuildingA_Floor2,TypeA
1017,2025-04-07 04:42:30,29.04,77.51,BuildingB_Floor1,TypeA
1027,2025-04-06 20:52:44,28.46,61.84,BuildingA_Floor1,TypeA
1065,2025-04-04 19:20:43,25.59,65.64,BuildingB_Floor1,TypeB
1030,2025-04-06 23:58:04,34.77,74.49,BuildingA_Floor2,TypeB
1075,2025-04-06 12:17:29,30.62,49.64,BuildingB_Floor2,TypeA
1023,2025-04-06 07:30:34,18.56,58.07,BuildingA_Floor2,TypeC
1031,2025-04-06 21:17:38,34.47,34.49,BuildingA_Floor1,TypeB
1055,2025-04-05 03:35:07,33.02,50.77,BuildingB_Floor2,TypeB
1028,2025-04-06 00:04:57,19.78,66.28,BuildingA_Floor2,TypeA
1031,2025-04-03 22:08:08,21.23,62.27,BuildingB_Floor1,TypeA
1017,2025-04-04 12:26:18,18.26,70.45,BuildingA_Floor1,TypeA
1030,2025-04-02 20:34:16,15.45,48.26,BuildingA_Floor2,TypeC
1099,2025-04-07 08:58:48,32.89,54.75,BuildingB_Floor2,TypeB
1013,2025-04-03 08:41:03,27.13,30.8,BuildingA_Floor1,TypeA
1067,2025-04-03 15:29:45,19.73,40.79,BuildingA_Floor1,TypeA
1091,2025-04-04 05:22:00,28.74,52.6,BuildingA_Floor1,TypeA
1026,2025-04-02 20:38:09,21.71,51.74,BuildingA_Floor1,TypeA
1084,2025-04-05 13:21:42,33.17,65.71,BuildingB_Floor2,TypeB
1024,2025-04-06 05:50:19,19.88,44.25,BuildingB_Floor2,TypeC
1006,2025-04-04 08:16:02,19.4,52.12,BuildingA_Floor1,TypeB
1032,2025-04-06 07:02:14,19.57,54.59,BuildingB_Floor1,TypeA
1015,2025-04-03 07:42:30,27.57,34.52,BuildingB_Floor2,TypeB
1031,2025-04-05 06:07:31,23.44,49.84,BuildingA_Floor1,TypeC
1024,2025-04-03 04:11:40,15.51,71.83,BuildingB_Floor2,TypeC
1056,2025-04-02 13:04:29,24.37,38.47,BuildingB_Floor2,TypeB
1001,2025-04-04 22:23:50,20.01,53.94,BuildingA_Floor2,TypeB
1085,2025-04-03 00:11:10,19.0,62.79,BuildingB_Floor1,TypeC
1093,2025-04-04 15:44:48,21.4,75.47,BuildingB_Floor2,TypeC
1014,2025-04-06 08:21:34,21.74,59.78,BuildingB_Floor1,TypeA
1055,2025-04-04 10:09:51,28.84,40.22,BuildingB_Floor2,TypeA
1080,2025-04-05 23:34:55,29.2,45.22,BuildingA_Floor2,TypeA
1020,2025-04-05 17:00:37,31.63,46.54,BuildingB_Floor2,TypeC
1023,2025-04-06 17:01:31,32.37,52.7,BuildingA_Floor2,TypeB
1052,2025-04-07 09:11:52,19.18,79.83,BuildingB_Floor1,TypeC
1056,2025-04-03 02:27:34,29.67,65.0,BuildingA_Floor1,TypeB
1042,2025-04-07 00:32:02,25.49,61.73,BuildingB_Floor1,TypeB
1096,2025-04-04 21:11:35,19.59,79.68,BuildingB_Floor2,TypeC
1100,2025-04-06 03:38:03,24.78,51.88,BuildingB_Floor1,TypeC
1011,2025-04-05 10:28:55,32.15,51.67,BuildingB_Floor2,TypeA
1024,2025-04-07 10:06:08,21.46,43.18,BuildingA_Floor2,TypeB
1006,2025-04-07 07:22:54,20.64,78.56,BuildingB_Floor2,TypeB
1083,2025-04-06 14:27:20,30.02,57.42,BuildingB_Floor1,TypeA
1019,2025-04-06 17:43:57,28.17,38.6,BuildingA_Floor1,TypeA
1052,2025-04-06 05:14:25,27.92,42.6,BuildingA_Floor2,TypeC
1044,2025-04-06 15:57:11,18.68,69.0,BuildingA_Floor2,TypeB
1055,2025-04-04 08:28:57,26.51,54.09,BuildingA_Floor2,TypeB
1053,2025-04-04 18:06:52,22.1,67.48,BuildingA_Floor2,TypeB
1010,2025-04-03 14:26:29,34.08,54.88,BuildingB_Floor1,TypeA
1093,2025-04-05 15:13:45,22.91,58.1,BuildingA_Floor1,TypeA
1033,2025-04-04 06:28:31,22.59,62.88,BuildingB_Floor2,TypeA
1028,2025-04-02 12:52:10,15.68,32.46,BuildingB_Floor2,TypeC
1041,2025-04-04 22:10:51,29.19,77.26,BuildingB_Floor1,TypeC
1023,2025-04-05 00:02:28,27.25,42.67,BuildingA_Floor1,TypeC
1035,2025-04-06 17:22:36,16.13,38.76,BuildingB_Floor1,TypeC
1012,2025-04-07 02:19:30,23.23,47.74,BuildingA_Floor1,TypeA
1039,2025-04-06 05:22:10,18.46,52.78,BuildingA_Floor1,TypeA
1080,2025-04-06 12:06:13,29.99,72.47,BuildingA_Floor1,TypeB
1034,2025-04-03 07:08:56,17.47,74.56,BuildingB_Floor1,TypeC
1009,2025-04-07 11:06:29,21.52,70.78,BuildingA_Floor1,TypeC
1016,2025-04-07 02:45:54,26.86,32.19,BuildingB_Floor2,TypeC
1069,2025-04-03 04:32:55,28.32,37.66,BuildingB_Floor1,TypeC
1055,2025-04-07 09:23:47,26.18,54.62,BuildingA_Floor2,TypeB
1051,2025-04-02 19:30:36,30.77,59.51,BuildingB_Floor1,TypeC
1016,2025-04-05 05:54:34,31.95,53.86,BuildingA_Floor1,TypeC
1045,2025-04-06 22:37:03,31.03,45.56,BuildingB_Floor2,TypeB
1024,2025-04-05 09:20:58,31.77,31.5,BuildingB_Floor1,TypeB
1037,2025-04-06 12:33:20,24.27,75.79,BuildingA_Floor2,TypeC
1074,2025-04-06 04:08:28,31.44,41.05,BuildingB_Floor1,TypeB
1044,2025-04-07 02:31:01,15.98,61.27,BuildingB_Floor2,TypeB
1043,2025-04-05 21:21:32,18.18,42.56,BuildingA_Floor1,TypeA
1053,2025-04-05 17:55:41,21.73,61.46,BuildingA_Floor2,TypeC
1003,2025-04-07 09:22:24,18.93,48.38,BuildingA_Floor1,TypeC
1081,2025-04-06 19:20:28,28.45,47.92,BuildingA_Floor2,TypeB
1020,2025-04-05 06:18:33,34.71,40.02,BuildingB_Floor1,TypeA
1001,2025-04-04 23:32:27,19.78,52.69,BuildingA_Floor2,TypeB
1096,2025-04-03 23:37:11,23.54,55.8,BuildingB_Floor2,TypeC
1085,2025-04-04 15:38:00,28.49,31.52,BuildingB_Floor1,TypeA
1039,2025-04-03 17:22:50,21.98,33.68,BuildingA_Floor2,TypeB
1057,2025-04-07 01:14:12,17.86,38.37,BuildingA_Floor1,TypeB
1060,2025-04-03 01:02:32,29.34,48.49,BuildingB_Floor1,TypeA
1056,2025-04-04 18:53:42,24.73,38.92,BuildingB_Floor1,TypeC
1088,2025-04-07 01:24:24,19.53,55.29,BuildingA_Floor2,TypeC
1052,2025-04-06 10:17:30,18.66,61.27,BuildingA_Floor2,TypeA
1075,2025-04-04 07:58:59,24.78,57.13,BuildingB_Floor2,TypeC
1009,2025-04-05 07:17:09,21.14,51.59,BuildingB_Floor1,TypeA
1066,2025-04-03 03:30:44,21.65,31.74,BuildingB_Floor2,TypeC
1069,2025-04-07 05:16:53,18.17,76.54,BuildingA_Floor1,TypeA
1081,2025-04-05 02:04:26,21.39,63.45,BuildingA_Floor2,TypeC
1048,2025-04-02 15:52:52,33.95,57.41,BuildingA_Floor2,TypeC
1028,2025-04-06 08:56:59,30.85,72.85,BuildingB_Floor1,TypeC
1007,2025-04-05 23:39:55,28.9,54.49,BuildingA_Floor2,TypeC
1082,2025-04-05 16:43:29,19.06,46.09,BuildingB_Floor1,TypeA
1038,2025-04-06 22:01:17,26.47,58.97,BuildingB_Floor2,TypeC
1000,2025-04-06 07:32:51,24.7,55.06,BuildingB_Floor2,TypeA
1085,2025-04-04 16:54:27,31.92,31.9,BuildingB_Floor2,TypeA
1056,2025-04-04 08:38:02,17.51,35.77,BuildingB_Floor2,TypeB
1098,2025-04-05 13:27:42,27.79,67.88,BuildingA_Floor2,TypeB
1014,2025-04-03 06:47:16,23.77,72.91,BuildingA_Floor1,TypeB
1099,2025-04-07 08:49:47,21.91,76.9,BuildingB_Floor1,TypeC
1087,2025-04-03 20:19:53,18.84,75.88,BuildingB_Floor2,TypeA
1048,2025-04-03 11:35:03,34.97,49.56,BuildingB_Floor2,TypeC
1052,2025-04-05 17:51:00,17.95,51.85,BuildingB_Floor1,TypeC
1069,2025-04-03 17:21:49,22.22,74.23,BuildingA_Floor1,TypeC
1066,2025-04-05 04:43:21,19.33,77.74,BuildingB_Floor1,TypeC
1091,2025-04-05 09:01:57,17.3,44.43,BuildingA_Floor1,TypeA
1086,2025-04-06 01:19:42,18.23,74.73,BuildingB_Floor2,TypeA
1055,2025-04-03 14:35:50,27.81,75.2,BuildingA_Floor1,TypeC
1045,2025-04-04 09:12:29,17.39,31.33,BuildingA_Floor1,TypeB
1040,2025-04-02 16:35:12,29.04,48.48,BuildingB_Floor2,TypeA
1070,2025-04-05 00:22:01,21.27,78.64,BuildingA_Floor1,TypeA
1021,2025-04-05 09:08:06,16.86,38.38,BuildingB_Floor2,TypeC
1002,2025-04-03 16:58:45,34.79,66.93,BuildingA_Floor1,TypeA
1089,2025-04-07 04:12:24,21.57,37.37,BuildingA_Floor1,TypeC
1085,2025-04-06 12:13:48,34.44,45.91,BuildingB_Floor2,TypeC
1069,2025-04-06 17:22:24,29.11,73.35,BuildingB_Floor1,TypeA
1064,2025-04-03 08:21:48,33.76,39.84,BuildingB_Floor1,TypeA
1082,2025-04-04 17:13:31,31.0,56.23,BuildingB_Floor1,TypeC
1085,2025-04-03 21:06:07,16.32,38.6,BuildingB_Floor2,TypeB
1062,2025-04-03 07:24:58,28.46,50.37,BuildingA_Floor1,TypeB
1043,2025-04-05 01:27:28,29.68,36.5,BuildingB_Floor1,TypeC
1037,2025-04-05 19:37:01,15.95,68.03,BuildingA_Floor2,TypeB
1076,2025-04-03 11:36:31,31.92,45.05,BuildingB_Floor2,TypeC
1021,2025-04-04 06:15:50,30.21,36.42,BuildingB_Floor2,TypeC
1062,2025-04-04 20:10:41,19.28,30.74,BuildingB_Floor1,TypeA
1006,2025-04-05 23:12:43,29.2,54.95,BuildingA_Floor1,TypeC
1065,2025-04-05 14:48:18,21.65,38.22,BuildingB_Floor2,TypeA
1011,2025-04-04 16:05:43,19.53,36.82,BuildingB_Floor2,TypeB
1018,2025-04-03 04:11:01,21.48,75.02,BuildingA_Floor2,TypeB
1035,2025-04-05 21:56:01,29.47,53.88,BuildingB_Floor2,TypeA
1060,2025-04-04 23:25:58,27.4,45.92,BuildingA_Floor2,TypeC
1067,2025-04-06 19:36:43,17.67,31.9,BuildingB_Floor1,TypeC
1045,2025-04-06 21:54:43,25.93,66.19,BuildingA_Floor2,TypeA
1070,2025-04-06 01:09:54,19.35,35.99,BuildingA_Floor1,TypeC
1066,2025-04-04 06:54:35,20.1,70.07,BuildingB_Floor1,TypeC
1085,2025-04-05 13:22:33,22.18,40.06,BuildingA_Floor2,TypeB
1049,2025-04-05 12:12:21,21.07,57.84,BuildingB_Floor2,TypeB
1011,2025-04-04 09:30:43,29.81,43.11,BuildingB_Floor2,TypeA
1048,2025-04-02 18:53:27,28.26,79.24,BuildingB_Floor2,TypeA
1050,2025-04-06 04:52:47,19.85,49.39,BuildingA_Floor1,TypeB
1062,2025-04-05 08:30:01,15.4,52.78,BuildingB_Floor2,TypeC
1026,2025-04-04 15:07:38,26.15,56.74,BuildingB_Floor2,TypeB
1073,2025-04-03 05:14:09,21.05,55.04,BuildingA_Floor1,TypeB
1020,2025-04-06 21:53:09,33.55,71.55,BuildingA_Floor1,TypeC
1070,2025-04-05 06:31:36,16.6,42.95,BuildingB_Floor2,TypeB
1066,2025-04-04 09:11:46,23.7,56.78,BuildingB_Floor1,TypeB
1052,2025-04-02 16:16:04,18.26,66.74,BuildingB_Floor2,TypeB
1057,2025-04-05 19:23:52,17.0,31.87,BuildingA_Floor1,TypeB
1057,2025-04-04 15:06:46,17.78,34.34,BuildingA_Floor2,TypeC
1075,2025-04-07 04:55:06,27.43,63.11,BuildingA_Floor1,TypeB
1073,2025-04-07 07:55:33,18.59,70.6,BuildingA_Floor2,TypeC
1047,2025-04-04 08:54:00,34.81,40.1,BuildingB_Floor2,TypeA
1072,2025-04-05 15:22:55,25.96,55.98,BuildingA_Floor2,TypeA
1084,2025-04-04 02:51:25,16.55,53.98,BuildingB_Floor2,TypeB
1053,2025-04-03 14:02:41,26.27,71.08,BuildingB_Floor1,TypeB
1042,2025-04-07 05:42:53,24.64,43.74,BuildingB_Floor1,TypeC
1028,2025-04-03 02:23:13,25.47,37.98,BuildingA_Floor2,TypeA
1058,2025-04-02 19:44:29,23.38,68.14,BuildingB_Floor1,TypeB
1043,2025-04-04 17:28:29,25.4,66.51,BuildingB_Floor2,TypeC
1100,2025-04-04 12:08:03,29.81,49.9,BuildingA_Floor1,TypeC
1017,2025-04-04 06:48:18,34.15,38.17,BuildingB_Floor1,TypeB
1054,2025-04-02 23:33:57,15.07,39.58,BuildingB_Floor1,TypeC
1054,2025-04-04 00:26:22,32.88,50.71,BuildingA_Floor2,TypeC
1060,2025-04-03 01:49:54,33.76,52.39,BuildingB_Floor1,TypeC
1054,2025-04-05 19:18:30,28.97,40.1,BuildingB_Floor1,TypeB
1068,2025-04-03 12:03:48,20.76,36.28,BuildingA_Floor2,TypeC
1088,2025-04-03 11:03:30,28.27,72.1,BuildingB_Floor1,TypeB
1036,2025-04-06 06:20:38,19.95,66.97,BuildingB_Floor2,TypeC
1030,2025-04-04 00:31:27,15.7,58.08,BuildingB_Floor1,TypeC
1076,2025-04-02 22:53:46,19.17,69.06,BuildingA_Floor2,TypeC
1006,2025-04-06 10:20:41,15.87,53.64,BuildingB_Floor2,TypeC
1030,2025-04-04 23:28:21,18.27,66.11,BuildingB_Floor1,TypeB
1064,2025-04-06 21:16:02,19.93,30.21,BuildingA_Floor1,TypeC
1044,2025-04-06 09:55:29,19.61,37.12,BuildingA_Floor2,TypeA
1001,2025-04-05 03:03:09,19.89,36.17,BuildingA_Floor1,TypeB
1075,2025-04-04 10:14:44,27.4,68.35,BuildingA_Floor1,TypeA
1068,2025-04-03 20:44:06,17.7,70.46,BuildingA_Floor2,TypeC
1042,2025-04-05 18:42:43,24.39,58.43,BuildingA_Floor2,TypeB
1066,2025-04-05 20:44:32,23.66,53.0,BuildingB_Floor1,TypeA
1055,2025-04-04 10:25:56,23.07,73.74,BuildingA_Floor1,TypeA
1025,2025-04-05 12:30:45,20.23,43.9,BuildingA_Floor2,TypeC
1071,2025-04-04 15:23:42,25.26,53.61,BuildingB_Floor1,TypeA
1037,2025-04-04 16:09:56,21.03,77.19,BuildingB_Floor2,TypeA
1033,2025-04-02 14:21:32,22.69,31.6,BuildingA_Floor2,TypeA
1031,2025-04-04 08:56:23,24.53,70.46,BuildingA_Floor1,TypeA
1084,2025-04-05 21:13:15,31.78,35.71,BuildingA_Floor1,TypeA
1043,2025-04-03 12:59:52,32.17,48.96,BuildingB_Floor2,TypeA
1001,2025-04-02 23:51:10,32.19,55.2,BuildingA_Floor1,TypeC
1075,2025-04-06 18:46:34,23.35,69.37,BuildingA_Floor2,TypeB
1050,2025-04-03 17:25:09,21.52,57.38,BuildingA_Floor2,TypeB
1097,2025-04-03 22:02:21,29.72,30.5,BuildingB_Floor2,TypeC
1039,2025-04-07 05:57:59,29.18,31.02,BuildingA_Floor1,TypeA
1017,2025-04-07 11:37:31,19.59,32.21,BuildingA_Floor2,TypeA
1007,2025-04-06 01:17:15,19.41,44.7,BuildingB_Floor1,TypeC
1037,2025-04-03 15:00:06,33.82,69.45,BuildingB_Floor2,TypeB
1000,2025-04-05 09:52:06,20.11,73.68,BuildingA_Floor1,TypeC
1038,2025-04-05 09:11:35,32.75,50.42,BuildingB_Floor1,TypeC
1085,2025-04-04 12:55:59,19.54,33.13,BuildingA_Floor2,TypeC
1058,2025-04-04 11:46:16,23.32,66.85,BuildingA_Floor2,TypeC
1085,2025-04-07 07:43:37,16.56,43.37,BuildingB_Floor1,TypeC
1028,2025-04-04 10:47:26,17.72,71.06,BuildingA_Floor1,TypeC
1084,2025-04-05 13:01:05,35.0,58.26,BuildingB_Floor1,TypeB
1075,2025-04-05 22:30:55,28.3,59.43,BuildingA_Floor2,TypeA
1032,2025-04-05 10:41:27,15.47,44.73,BuildingA_Floor2,TypeC
1008,2025-04-03 20:32:51,21.27,53.9,BuildingA_Floor1,TypeB
1050,2025-04-02 16:04:11,17.62,60.09,BuildingA_Floor1,TypeA
1073,2025-04-06 05:15:10,29.74,76.04,BuildingB_Floor1,TypeA
1020,2025-04-06 08:59:23,25.82,30.67,BuildingB_Floor1,TypeC
1073,2025-04-05 03:35:00,21.55,76.3,BuildingA_Floor1,TypeB
1099,2025-04-07 06:37:39,29.3,49.62,BuildingA_Floor2,TypeB
1017,2025-04-07 08:18:26,27.97,43.99,BuildingB_Floor1,TypeA
1091,2025-04-06 06:27:44,22.89,33.69,BuildingA_Floor2,TypeA
1016,2025-04-05 08:47:39,21.69,42.02,BuildingA_Floor1,TypeB
1077,2025-04-03 18:28:51,31.24,72.35,BuildingA_Floor2,TypeB
1021,2025-04-06 08:27:30,20.17,31.69,BuildingB_Floor2,TypeA
1096,2025-04-02 13:24:01,33.42,71.35,BuildingB_Floor1,TypeA
1014,2025-04-04 17:45:38,21.07,66.29,BuildingA_Floor1,TypeA
1041,2025-04-03 07:11:46,16.32,38.7,BuildingA_Floor1,TypeA
1074,2025-04-04 23:20:43,32.11,55.0,BuildingB_Floor1,TypeB
1053,2025-04-06 21:35:38,32.19,47.39,BuildingB_Floor1,TypeC
1058,2025-04-05 00:56:01,24.39,33.43,BuildingB_Floor1,TypeB
1030,2025-04-05 01:14:29,34.59,56.26,BuildingB_Floor1,TypeC
1055,2025-04-03 11:36:47,31.96,51.23,BuildingA_Floor1,TypeB
1023,2025-04-06 04:20:41,30.23,59.84,BuildingB_Floor1,TypeB
1075,2025-04-05 13:14:15,30.04,63.47,BuildingB_Floor2,TypeC
1076,2025-04-05 11:36:09,15.33,53.69,BuildingA_Floor1,TypeA
1008,2025-04-06 20:35:27,31.03,48.95,BuildingB_Floor1,TypeB
1001,2025-04-02 19:32:46,17.44,76.76,BuildingA_Floor2,TypeA
1021,2025-04-06 03:16:29,23.51,53.48,BuildingB_Floor2,TypeA
1051,2025-04-05 10:32:17,24.93,51.91,BuildingB_Floor1,TypeB
1027,2025-04-03 16:11:16,21.22,53.27,BuildingB_Floor1,TypeB
1046,2025-04-05 21:12:33,15.94,55.17,BuildingA_Floor2,TypeA
1029,2025-04-04 13:45:25,28.36,31.47,BuildingA_Floor2,TypeC
1007,2025-04-02 21:05:09,17.84,76.71,BuildingA_Floor1,TypeA
1083,2025-04-07 07:50:49,19.58,56.92,BuildingB_Floor1,TypeC
1009,2025-04-07 05:20:52,33.8,61.43,BuildingA_Floor2,TypeC
1082,2025-04-05 20:57:33,33.75,39.61,BuildingA_Floor1,TypeB
1095,2025-04-06 04:14:33,23.92,55.07,BuildingA_Floor1,TypeC
1029,2025-04-06 17:23:36,30.54,38.73,BuildingB_Floor1,TypeC
1029,2025-04-03 23:33:54,22.59,72.59,BuildingB_Floor2,TypeB
1044,2025-04-04 14:30:10,33.66,41.08,BuildingA_Floor1,TypeA
1083,2025-04-06 12:32:46,28.58,55.26,BuildingB_Floor1,TypeB
1064,2025-04-05 12:30:55,33.82,72.54,BuildingB_Floor1,TypeB
1079,2025-04-03 02:33:57,29.94,62.62,BuildingA_Floor1,TypeB
1062,2025-04-05 01:15:13,28.42,53.03,BuildingA_Floor1,TypeA
1089,2025-04-05 17:10:16,29.45,48.84,BuildingA_Floor2,TypeA
1029,2025-04-04 13:55:28,34.09,31.65,BuildingB_Floor1,TypeA
1019,2025-04-05 23:33:43,26.54,72.08,BuildingB_Floor2,TypeC
1060,2025-04-04 15:58:09,33.7,78.0,BuildingA_Floor1,TypeA
1014,2025-04-04 07:23:26,20.09,69.96,BuildingA_Floor1,TypeB
1012,2025-04-03 13:11:18,16.12,31.07,BuildingB_Floor2,TypeB
1060,2025-04-06 08:07:26,18.66,34.56,BuildingB_Floor1,TypeB
1041,2025-04-03 03:32:24,32.81,56.75,BuildingA_Floor2,TypeA
1042,2025-04-04 00:34:20,15.39,52.09,BuildingB_Floor1,TypeA
1072,2025-04-04 23:10:28,23.41,37.58,BuildingB_Floor1,TypeC
1054,2025-04-07 05:22:08,28.51,73.92,BuildingA_Floor2,TypeA
1045,2025-04-06 23:25:20,20.97,55.36,BuildingA_Floor1,TypeC
1025,2025-04-05 06:47:49,21.09,71.77,BuildingA_Floor1,TypeA
1034,2025-04-03 09:03:08,29.85,69.41,BuildingA_Floor2,TypeA
1050,2025-04-06 21:40:20,31.35,45.99,BuildingA_Floor2,TypeC
1049,2025-04-03 08:58:53,22.25,31.37,BuildingA_Floor2,TypeA
1017,2025-04-06 23:11:35,17.56,56.48,BuildingA_Floor1,TypeA
1001,2025-04-05 16:39:47,23.69,59.03,BuildingA_Floor2,TypeA
1049,2025-04-07 06:32:23,19.75,48.21,BuildingA_Floor2,TypeA
1063,2025-04-04 13:18:57,31.14,71.9,BuildingA_Floor1,TypeC
1089,2025-04-04 08:16:44,34.07,30.71,BuildingA_Floor1,TypeC
1060,2025-04-03 16:17:36,16.52,73.18,BuildingA_Floor1,TypeB
1029,2025-04-03 08:22:08,17.72,69.15,BuildingA_Floor2,TypeA
1074,2025-04-03 12:00:33,22.55,60.02,BuildingA_Floor2,TypeC
1097,2025-04-03 14:48:41,24.98,52.67,BuildingA_Floor2,TypeA
1085,2025-04-06 07:46:02,28.45,56.69,BuildingA_Floor1,TypeB
1060,2025-04-03 06:33:20,26.15,43.52,BuildingA_Floor2,TypeC
1075,2025-04-03 14:29:35,27.45,74.88,BuildingA_Floor2,TypeA
1069,2025-04-07 01:35:32,30.49,64.82,BuildingB_Floor1,TypeB
1077,2025-04-06 14:48:25,15.85,31.17,BuildingB_Floor1,TypeA
1013,2025-04-02 22:53:59,18.2,72.51,BuildingB_Floor2,TypeC
1070,2025-04-05 19:24:03,30.9,51.77,BuildingB_Floor1,TypeA
1021,2025-04-05 01:03:02,19.79,30.15,BuildingB_Floor2,TypeB
1089,2025-04-04 09:35:03,16.73,40.92,BuildingA_Floor1,TypeB
1040,2025-04-02 16:42:03,32.75,69.24,BuildingA_Floor1,TypeC
1023,2025-04-06 05:26:44,26.56,79.84,BuildingB_Floor2,TypeA
1041,2025-04-02 19:05:28,25.85,49.6,BuildingA_Floor1,TypeC
1099,2025-04-03 08:53:49,28.65,32.52,BuildingB_Floor2,TypeB
1075,2025-04-05 12:25:33,30.55,57.71,BuildingB_Floor2,TypeC
1019,2025-04-05 08:41:40,24.49,34.21,BuildingB_Floor1,TypeB
1010,2025-04-04 04:09:39,20.63,57.01,BuildingB_Floor2,TypeB
1077,2025-04-06 09:43:35,15.31,79.39,BuildingB_Floor1,TypeB
1004,2025-04-02 20:32:20,27.49,77.18,BuildingA_Floor1,TypeA
1039,2025-04-07 03:04:15,22.28,69.08,BuildingB_Floor2,TypeC
1015,2025-04-03 07:26:54,30.14,70.88,BuildingB_Floor1,TypeA
1078,2025-04-05 06:07:36,21.49,33.04,BuildingB_Floor1,TypeB
1089,2025-04-05 10:21:54,21.56,40.53,BuildingA_Floor2,TypeC
1017,2025-04-06 02:16:45,24.89,40.76,BuildingA_Floor1,TypeC
1015,2025-04-03 18:19:40,19.17,76.23,BuildingB_Floor2,TypeC
1029,2025-04-04 16:50:32,25.08,34.5,BuildingA_Floor1,TypeB
1100,2025-04-04 23:21:06,23.63,49.98,BuildingB_Floor2,TypeC
1064,2025-04-06 17:13:34,23.85,75.67,BuildingA_Floor1,TypeB
1022,2025-04-06 18:32:57,30.38,71.1,BuildingA_Floor1,TypeB
1088,2025-04-04 08:51:24,24.64,37.18,BuildingB_Floor1,TypeC
1092,2025-04-02 15:48:56,21.57,47.93,BuildingB_Floor2,TypeA
1051,2025-04-06 00:45:48,25.34,54.24,BuildingA_Floor1,TypeC
1024,2025-04-06 08:22:17,21.49,36.32,BuildingB_Floor2,TypeA
1010,2025-04-04 11:44:58,32.85,49.91,BuildingB_Floor1,TypeA
1062,2025-04-04 01:00:05,16.6,62.97,BuildingA_Floor1,TypeC
1085,2025-04-05 05:48:01,29.57,62.29,BuildingA_Floor2,TypeB
1062,2025-04-04 02:09:43,24.48,55.4,BuildingA_Floor1,TypeA
1071,2025-04-03 17:32:07,22.83,71.49,BuildingB_Floor1,TypeB
1066,2025-04-04 09:16:06,16.51,51.05,BuildingB_Floor2,TypeA
1085,2025-04-03 05:55:02,28.29,54.32,BuildingA_Floor2,TypeB
1078,2025-04-05 22:41:11,33.17,32.12,BuildingB_Floor1,TypeB
1078,2025-04-05 07:55:38,28.29,73.31,BuildingA_Floor2,TypeC
1032,2025-04-06 22:38:28,28.97,47.87,BuildingA_Floor1,TypeB
1015,2025-04-02 17:24:10,32.62,71.44,BuildingB_Floor1,TypeB
1071,2025-04-05 14:33:34,17.45,31.7,BuildingB_Floor1,TypeB
1091,2025-04-07 04:39:55,23.35,55.6,BuildingA_Floor2,TypeA
1045,2025-04-02 23:35:33,34.25,78.69,BuildingA_Floor1,TypeB
1043,2025-04-06 22:31:09,33.49,39.18,BuildingA_Floor1,TypeB
1026,2025-04-02 21:39:46,27.6,72.88,BuildingB_Floor2,TypeB
1019,2025-04-05 23:56:56,16.39,71.6,BuildingA_Floor1,TypeC
1004,2025-04-03 07:14:34,23.93,31.11,BuildingB_Floor1,TypeB
1088,2025-04-05 01:36:54,17.2,67.47,BuildingA_Floor2,TypeB
1081,2025-04-05 06:18:39,32.95,63.4,BuildingA_Floor1,TypeC
1088,2025-04-06 13:49:36,23.48,66.11,BuildingB_Floor1,TypeA
1006,2025-04-04 12:33:10,20.61,55.66,BuildingA_Floor1,TypeC
1022,2025-04-07 06:33:44,29.01,66.93,BuildingA_Floor1,TypeA
1066,2025-04-06 10:31:00,29.08,76.03,BuildingB_Floor2,TypeB
1019,2025-04-06 09:28:48,30.14,65.97,BuildingB_Floor1,TypeB
1048,2025-04-03 23:47:55,17.86,62.37,BuildingB_Floor2,TypeB
1019,2025-04-03 05:36:14,29.74,46.24,BuildingA_Floor2,TypeC
1068,2025-04-04 03:54:19,23.11,55.73,BuildingB_Floor1,TypeC
1047,2025-04-07 04:50:27,34.15,59.8,BuildingB_Floor1,TypeB
1048,2025-04-06 00:03:40,21.61,56.65,BuildingA_Floor1,TypeA
1078,2025-04-06 10:09:32,34.33,63.5,BuildingA_Floor1,TypeC
1064,2025-04-02 14:45:17,26.84,40.08,BuildingA_Floor2,TypeB
1031,2025-04-06 06:38:41,16.21,78.67,BuildingA_Floor2,TypeA
1052,2025-04-04 14:27:35,22.4,53.08,BuildingA_Floor1,TypeA
1010,2025-04-05 04:49:39,15.98,36.69,BuildingB_Floor1,TypeC
1060,2025-04-02 14:47:17,26.99,33.29,BuildingA_Floor1,TypeA
1016,2025-04-03 00:47:27,27.86,47.59,BuildingB_Floor2,TypeC
1092,2025-04-05 20:44:05,16.28,65.32,BuildingB_Floor2,TypeA
1001,2025-04-06 14:55:43,30.11,74.24,BuildingB_Floor1,TypeC
1003,2025-04-04 13:50:15,26.35,49.37,BuildingB_Floor2,TypeC
1011,2025-04-03 22:22:11,19.98,56.38,BuildingA_Floor2,TypeB
1005,2025-04-03 02:25:50,22.9,49.07,BuildingA_Floor2,TypeC
1012,2025-04-05 08:50:20,19.73,58.33,BuildingB_Floor1,TypeA
1006,2025-04-07 12:02:02,31.23,65.73,BuildingA_Floor2,TypeA
1058,2025-04-03 03:07:24,26.15,64.69,BuildingA_Floor2,TypeB
1091,2025-04-03 20:51:51,22.82,79.3,BuildingB_Floor2,TypeB
1073,2025-04-03 23:09:37,17.97,46.14,BuildingA_Floor1,TypeC
1087,2025-04-04 19:22:29,24.33,39.21,BuildingB_Floor2,TypeB
1058,2025-04-04 08:15:44,32.1,50.1,BuildingA_Floor1,TypeA
1032,2025-04-05 03:12:49,28.77,35.18,BuildingA_Floor2,TypeA
1053,2025-04-07 12:16:51,30.54,35.44,BuildingA_Floor2,TypeB
1037,2025-04-07 10:34:19,29.95,49.58,BuildingA_Floor2,TypeA
1007,2025-04-06 18:21:22,24.18,37.86,BuildingB_Floor2,TypeC
1074,2025-04-04 16:33:39,25.27,64.51,BuildingB_Floor1,TypeC
1081,2025-04-03 16:05:39,22.66,32.03,BuildingB_Floor2,TypeA
1041,2025-04-05 08:17:50,15.23,78.34,BuildingA_Floor1,TypeA
1089,2025-04-03 03:53:05,23.93,48.37,BuildingA_Floor2,TypeC
1039,2025-04-03 22:41:37,15.52,32.85,BuildingB_Floor1,TypeC
1099,2025-04-06 22:01:40,23.68,74.81,BuildingB_Floor2,TypeB
1090,2025-04-06 07:48:26,22.53,66.8,BuildingA_Floor2,TypeA
1021,2025-04-06 05:55:59,15.23,60.33,BuildingA_Floor2,TypeA
1021,2025-04-06 20:33:23,17.9,53.57,BuildingB_Floor2,TypeA
1085,2025-04-05 23:35:10,30.33,54.64,BuildingA_Floor2,TypeA
1000,2025-04-05 12:47:32,30.62,63.28,BuildingB_Floor2,TypeC
1084,2025-04-05 03:32:48,23.0,63.68,BuildingA_Floor1,TypeC
1083,2025-04-02 13:17:02,15.5,75.71,BuildingA_Floor2,TypeA
1086,2025-04-07 06:08:25,23.23,62.84,BuildingB_Floor1,TypeC
1034,2025-04-07 11:24:27,31.13,53.95,BuildingB_Floor2,TypeA
1032,2025-04-02 23:45:24,33.06,38.66,BuildingA_Floor1,TypeA
1041,2025-04-02 17:36:49,29.65,51.82,BuildingA_Floor1,TypeC
1021,2025-04-03 10:48:50,34.69,60.46,BuildingB_Floor1,TypeA
1012,2025-04-07 02:50:27,30.77,70.83,BuildingA_Floor1,TypeA
1016,2025-04-06 06:50:59,21.57,49.04,BuildingA_Floor2,TypeC
1074,2025-04-04 04:56:58,27.08,69.28,BuildingB_Floor2,TypeC
1040,2025-04-06 17:16:03,28.33,43.25,BuildingA_Floor1,TypeB
1044,2025-04-05 09:41:17,23.43,73.61,BuildingB_Floor2,TypeB
1056,2025-04-04 10:44:03,20.72,58.62,BuildingB_Floor1,TypeB
1011,2025-04-06 07:54:53,17.16,38.04,BuildingB_Floor2,TypeC
1059,2025-04-07 05:48:44,26.56,61.18,BuildingA_Floor1,TypeC
1038,2025-04-06 23:14:08,31.19,33.42,BuildingB_Floor2,TypeB
1007,2025-04-04 01:36:55,34.68,67.92,BuildingA_Floor2,TypeA
1038,2025-04-03 13:16:36,26.98,54.27,BuildingA_Floor1,TypeA
1062,2025-04-02 21:05:13,19.35,74.57,BuildingA_Floor1,TypeA
1070,2025-04-06 12:47:17,29.73,72.58,BuildingA_Floor2,TypeA
1033,2025-04-05 02:00:13,21.41,46.57,BuildingA_Floor2,TypeA
1069,2025-04-03 10:43:52,33.81,75.51,BuildingB_Floor1,TypeB
1009,2025-04-04 04:33:44,23.21,49.68,BuildingA_Floor2,TypeC
1085,2025-04-05 18:25:56,15.78,73.62,BuildingB_Floor2,TypeA
1055,2025-04-06 04:44:15,19.1,52.03,BuildingB_Floor2,TypeC
1094,2025-04-02 17:15:21,24.95,69.57,BuildingA_Floor1,TypeC
1038,2025-04-04 11:38:25,30.37,60.51,BuildingA_Floor1,TypeA
1044,2025-04-05 16:44:23,28.47,36.58,BuildingB_Floor1,TypeB
1023,2025-04-03 16:39:07,17.14,36.84,BuildingA_Floor1,TypeB
1001,2025-04-04 02:00:18,21.25,57.7,BuildingB_Floor2,TypeB
1013,2025-04-06 00:46:59,30.05,72.79,BuildingA_Floor1,TypeA
1056,2025-04-02 17:37:41,18.63,33.32,BuildingB_Floor2,TypeB
1065,2025-04-03 02:54:29,34.42,44.25,BuildingB_Floor2,TypeA
1092,2025-04-06 14:19:04,16.22,70.25,BuildingA_Floor1,TypeA
1089,2025-04-06 23:46:38,18.1,37.73,BuildingA_Floor2,TypeB
1027,2025-04-06 07:33:49,33.9,53.27,BuildingA_Floor2,TypeB
1072,2025-04-02 14:19:15,21.33,68.16,BuildingB_Floor1,TypeA
1076,2025-04-05 01:12:14,29.74,50.6,BuildingA_Floor1,TypeB
1082,2025-04-07 02:33:08,23.77,61.59,BuildingA_Floor1,TypeB
1024,2025-04-03 23:32:48,19.75,53.18,BuildingB_Floor1,TypeB
1068,2025-04-02 22:52:53,33.72,32.34,BuildingA_Floor2,TypeB
1069,2025-04-03 03:37:37,29.45,68.63,BuildingB_Floor1,TypeC
1061,2025-04-05 09:53:57,16.13,47.85,BuildingA_Floor1,TypeB
1098,2025-04-02 20:16:52,17.02,69.24,BuildingA_Floor2,TypeB
1008,2025-04-04 11:23:17,17.9,35.08,BuildingA_Floor1,TypeC
1087,2025-04-03 15:26:16,32.52,35.06,BuildingB_Floor1,TypeC
1026,2025-04-04 21:45:09,18.84,74.33,BuildingB_Floor1,TypeA
1040,2025-04-02 12:51:36,28.74,55.09,BuildingB_Floor1,TypeC
1030,2025-04-02 19:28:59,34.4,39.18,BuildingB_Floor1,TypeA
1004,2025-04-03 14:36:47,32.54,45.89,BuildingB_Floor1,TypeB
1076,2025-04-06 06:07:28,24.92,73.12,BuildingB_Floor1,TypeB
1015,2025-04-04 15:18:02,21.61,65.78,BuildingA_Floor2,TypeA
1058,2025-04-03 09:05:01,34.45,40.78,BuildingA_Floor2,TypeB
1019,2025-04-05 09:27:48,33.37,62.27,BuildingA_Floor1,TypeC
1034,2025-04-04 16:52:03,15.64,36.32,BuildingB_Floor2,TypeC
1029,2025-04-03 05:09:12,19.51,45.25,BuildingA_Floor1,TypeB
1074,2025-04-04 17:48:38,19.79,57.92,BuildingA_Floor1,TypeB
1029,2025-04-06 08:21:58,19.48,70.0,BuildingB_Floor2,TypeC
1057,2025-04-04 21:39:17,28.24,69.02,BuildingA_Floor2,TypeC
1005,2025-04-03 07:51:48,16.79,30.57,BuildingB_Floor2,TypeA
1071,2025-04-02 23:47:07,29.18,55.96,BuildingA_Floor1,TypeB
1071,2025-04-06 17:28:05,26.3,31.73,BuildingA_Floor2,TypeB
1087,2025-04-06 06:15:10,21.88,57.6,BuildingA_Floor2,TypeB
1059,2025-04-05 13:50:21,31.37,46.39,BuildingB_Floor1,TypeC
1098,2025-04-05 13:47:55,32.73,39.07,BuildingA_Floor2,TypeB
1012,2025-04-04 10:58:09,27.67,72.83,BuildingB_Floor1,TypeC
1030,2025-04-04 04:47:16,25.67,47.84,BuildingB_Floor2,TypeA
1062,2025-04-06 22:58:46,26.25,30.8,BuildingB_Floor2,TypeB
1063,2025-04-06 07:15:33,21.72,72.47,BuildingA_Floor1,TypeA
1009,2025-04-03 01:14:05,21.13,74.33,BuildingB_Floor2,TypeB
1057,2025-04-03 00:47:53,16.77,32.65,BuildingA_Floor2,TypeA
1091,2025-04-06 11:21:29,16.42,79.66,BuildingB_Floor1,TypeB
1005,2025-04-06 20:58:28,27.84,43.9,BuildingA_Floor1,TypeB
1010,2025-04-06 14:47:36,15.91,32.49,BuildingA_Floor1,TypeC
1043,2025-04-07 10:13:47,33.23,35.63,BuildingA_Floor2,TypeB
1068,2025-04-02 19:06:14,21.9,57.56,BuildingA_Floor1,TypeA
1052,2025-04-06 07:23:29,30.39,39.43,BuildingA_Floor2,TypeB
1031,2025-04-02 17:40:21,15.09,66.52,BuildingB_Floor1,TypeC
1069,2025-04-06 03:38:54,23.98,77.28,BuildingA_Floor2,TypeB
1000,2025-04-05 22:08:25,20.78,42.85,BuildingA_Floor1,TypeA
1029,2025-04-05 12:59:19,21.47,54.02,BuildingB_Floor1,TypeC
1013,2025-04-06 03:43:04,16.01,41.5,BuildingB_Floor2,TypeA
1029,2025-04-07 09:05:42,23.08,38.1,BuildingA_Floor1,TypeA
1087,2025-04-06 17:14:13,32.84,40.62,BuildingA_Floor2,TypeB
1035,2025-04-04 15:42:52,20.19,52.57,BuildingB_Floor1,TypeA
1098,2025-04-02 23:57:51,24.65,66.26,BuildingB_Floor1,TypeA
1023,2025-04-02 13:39:50,27.15,67.47,BuildingA_Floor2,TypeA
1022,2025-04-03 04:59:01,27.38,50.21,BuildingB_Floor1,TypeA
1020,2025-04-04 07:32:28,31.25,31.96,BuildingA_Floor2,TypeA
1074,2025-04-06 03:32:55,18.45,48.33,BuildingA_Floor1,TypeA
1064,2025-04-05 10:03:50,33.5,45.32,BuildingA_Floor1,TypeB
1039,2025-04-03 09:40:29,31.62,46.59,BuildingB_Floor1,TypeA
1090,2025-04-02 22:53:08,19.06,65.12,BuildingA_Floor1,TypeC
1070,2025-04-07 02:47:22,19.12,46.39,BuildingA_Floor1,TypeC
1066,2025-04-05 08:36:09,17.82,42.22,BuildingA_Floor1,TypeA
1006,2025-04-05 11:58:46,23.61,57.85,BuildingB_Floor2,TypeC
1092,2025-04-05 19:46:54,17.97,78.51,BuildingA_Floor1,TypeA
1049,2025-04-04 11:09:31,22.99,55.33,BuildingA_Floor1,TypeB
1024,2025-04-02 22:32:39,19.31,44.75,BuildingA_Floor1,TypeB
1086,2025-04-05 01:44:32,25.98,62.14,BuildingB_Floor1,TypeB
1078,2025-04-02 13:21:07,18.22,63.26,BuildingA_Floor1,TypeB
1021,2025-04-05 14:41:22,26.88,30.76,BuildingB_Floor1,TypeB
1035,2025-04-03 00:04:28,16.3,75.57,BuildingB_Floor2,TypeC
1061,2025-04-04 12:11:54,16.63,69.08,BuildingB_Floor2,TypeC
1046,2025-04-05 18:23:30,34.22,60.04,BuildingA_Floor1,TypeA
1038,2025-04-05 23:33:31,16.23,37.58,BuildingB_Floor2,TypeB
1030,2025-04-06 01:08:32,21.17,69.93,BuildingB_Floor1,TypeB
1085,2025-04-06 03:14:30,15.86,67.55,BuildingA_Floor1,TypeA
1023,2025-04-05 13:53:28,21.13,75.22,BuildingB_Floor1,TypeC
1009,2025-04-06 18:05:10,34.86,70.75,BuildingA_Floor2,TypeC
1065,2025-04-02 23:42:45,32.79,36.58,BuildingB_Floor2,TypeC
1085,2025-04-07 11:32:52,29.96,54.55,BuildingB_Floor2,TypeC
1052,2025-04-05 23:55:23,31.84,65.26,BuildingB_Floor2,TypeC
1066,2025-04-05 21:46:48,27.08,70.03,BuildingA_Floor1,TypeA
1090,2025-04-06 05:32:16,33.32,75.45,BuildingB_Floor2,TypeB
1011,2025-04-05 19:34:55,17.43,42.68,BuildingB_Floor2,TypeA
1067,2025-04-06 23:36:44,33.09,60.18,BuildingB_Floor1,TypeC
1086,2025-04-03 13:15:42,32.71,63.5,BuildingA_Floor1,TypeB
1060,2025-04-05 12:56:27,25.73,32.22,BuildingA_Floor1,TypeA
1099,2025-04-03 09:46:52,22.72,36.32,BuildingA_Floor1,TypeA
1092,2025-04-05 19:32:09,31.69,67.94,BuildingB_Floor1,TypeB
1060,2025-04-03 22:37:58,18.16,49.41,BuildingA_Floor2,TypeB
1092,2025-04-06 19:28:46,25.3,63.56,BuildingB_Floor2,TypeC
1012,2025-04-05 19:13:36,30.49,67.93,BuildingB_Floor2,TypeB
1022,2025-04-06 19:36:58,20.87,46.47,BuildingB_Floor2,TypeB
1006,2025-04-04 13:22:29,31.86,36.51,BuildingB_Floor1,TypeA
1036,2025-04-05 17:15:06,22.31,56.09,BuildingA_Floor2,TypeB
1095,2025-04-05 10:02:10,20.84,66.78,BuildingA_Floor1,TypeC
1036,2025-04-02 19:21:20,15.7,45.9,BuildingB_Floor2,TypeB
1033,2025-04-03 04:22:06,29.77,65.67,BuildingA_Floor2,TypeC
1072,2025-04-06 14:01:14,34.19,74.04,BuildingA_Floor1,TypeC
1019,2025-04-07 03:51:43,26.29,73.23,BuildingB_Floor1,TypeA
1054,2025-04-05 09:01:12,32.69,76.77,BuildingA_Floor1,TypeC
1056,2025-04-06 03:06:05,20.23,63.2,BuildingB_Floor2,TypeC
1076,2025-04-04 05:47:03,22.52,75.62,BuildingA_Floor2,TypeC
1041,2025-04-05 00:01:11,33.25,35.39,BuildingB_Floor2,TypeB
1039,2025-04-07 09:17:53,23.94,69.08,BuildingB_Floor2,TypeA
1091,2025-04-06 18:06:00,26.36,74.38,BuildingB_Floor2,TypeC
1078,2025-04-05 22:06:17,30.0,60.22,BuildingB_Floor1,TypeC
1078,2025-04-03 14:38:26,17.75,66.25,BuildingB_Floor2,TypeA
1020,2025-04-03 14:50:24,24.74,76.34,BuildingB_Floor2,TypeC
1002,2025-04-06 00:59:54,33.0,35.09,BuildingB_Floor1,TypeC
1074,2025-04-07 04:50:53,34.3,77.92,BuildingA_Floor2,TypeB
1053,2025-04-07 09:42:14,33.1,75.17,BuildingB_Floor2,TypeC
1080,2025-04-04 05:42:22,26.81,66.36,BuildingB_Floor1,TypeC
1031,2025-04-05 02:17:14,30.88,58.4,BuildingA_Floor2,TypeA
1095,2025-04-04 01:11:40,33.18,50.08,BuildingB_Floor1,TypeB
1065,2025-04-03 12:46:40,25.26,41.73,BuildingB_Floor1,TypeA
1092,2025-04-04 21:24:46,20.5,54.65,BuildingB_Floor2,TypeB
1018,2025-04-04 13:13:31,17.01,56.99,BuildingB_Floor1,TypeB
1055,2025-04-06 00:16:51,19.63,36.17,BuildingB_Floor2,TypeA
1034,2025-04-06 19:26:36,34.08,60.03,BuildingB_Floor1,TypeA
1018,2025-04-02 19:07:07,16.02,60.55,BuildingA_Floor2,TypeA
1034,2025-04-05 13:25:57,23.34,65.09,BuildingB_Floor1,TypeC
1009,2025-04-04 13:34:03,15.46,69.92,BuildingB_Floor1,TypeB
1084,2025-04-04 00:13:34,21.81,53.77,BuildingB_Floor2,TypeB
1006,2025-04-03 06:40:13,19.27,42.16,BuildingA_Floor2,TypeA
1089,2025-04-05 06:38:03,18.36,66.45,BuildingB_Floor1,TypeA
1041,2025-04-04 17:55:20,20.01,41.01,BuildingA_Floor1,TypeB
1017,2025-04-04 23:41:29,34.79,75.03,BuildingB_Floor2,TypeA
1013,2025-04-03 09:50:22,29.31,52.34,BuildingB_Floor1,TypeC
1073,2025-04-05 23:12:07,31.85,68.59,BuildingB_Floor2,TypeC
1077,2025-04-04 21:34:31,24.6,49.31,BuildingB_Floor2,TypeA
1076,2025-04-06 11:06:18,29.26,67.97,BuildingA_Floor1,TypeA
1069,2025-04-05 04:54:51,33.92,50.54,BuildingA_Floor2,TypeB
1076,2025-04-05 03:49:34,19.02,32.64,BuildingA_Floor1,TypeB
1012,2025-04-05 04:52:37,17.3,45.29,BuildingA_Floor2,TypeA
1036,2025-04-03 16:30:56,28.8,42.88,BuildingB_Floor2,TypeA
1095,2025-04-03 13:36:49,22.89,73.39,BuildingB_Floor1,TypeA
1069,2025-04-06 21:18:48,32.55,31.87,BuildingA_Floor2,TypeC
1060,2025-04-04 03:40:43,29.34,52.28,BuildingB_Floor2,TypeB
1081,2025-04-07 03:35:47,20.42,75.25,BuildingB_Floor2,TypeA
1011,2025-04-04 14:50:48,15.63,39.07,BuildingB_Floor2,TypeB
1093,2025-04-05 11:34:18,33.97,67.37,BuildingA_Floor1,TypeC
1036,2025-04-04 03:47:53,24.62,70.08,BuildingB_Floor2,TypeB
1004,2025-04-05 14:38:30,23.52,33.15,BuildingB_Floor2,TypeB
1042,2025-04-02 14:41:34,16.94,60.41,BuildingA_Floor1,TypeA
1067,2025-04-05 08:04:36,16.97,64.65,BuildingB_Floor1,TypeC
1057,2025-04-02 13:09:29,30.91,70.85,BuildingA_Floor1,TypeA
1019,2025-04-05 15:18:52,22.16,63.73,BuildingB_Floor1,TypeC
1069,2025-04-03 02:23:26,17.2,78.91,BuildingA_Floor2,TypeA
1094,2025-04-02 16:58:46,18.6,35.63,BuildingB_Floor1,TypeC
1030,2025-04-06 07:59:06,29.77,52.79,BuildingB_Floor1,TypeC
1027,2025-04-03 18:11:41,29.58,57.06,BuildingA_Floor2,TypeA
1100,2025-04-07 01:01:32,22.92,69.89,BuildingA_Floor1,TypeA
1021,2025-04-06 02:40:51,27.44,71.62,BuildingB_Floor1,TypeB
1051,2025-04-04 03:51:26,22.73,72.29,BuildingA_Floor1,TypeB
1019,2025-04-02 16:23:42,27.86,74.47,BuildingA_Floor2,TypeC
1057,2025-04-04 11:56:24,29.5,62.72,BuildingA_Floor1,TypeC
1004,2025-04-05 01:54:33,26.3,69.87,BuildingB_Floor1,TypeA
1083,2025-04-02 22:12:34,32.07,75.52,BuildingA_Floor1,TypeB
1012,2025-04-02 14:45:29,25.07,77.31,BuildingA_Floor2,TypeB
1085,2025-04-07 12:03:43,19.7,47.11,BuildingB_Floor1,TypeA
1092,2025-04-03 01:57:03,18.21,49.94,BuildingB_Floor2,TypeB
1008,2025-04-06 01:22:07,34.49,44.13,BuildingB_Floor1,TypeC
1005,2025-04-02 21:38:13,27.79,33.95,BuildingB_Floor1,TypeB
1057,2025-04-04 10:22:14,27.49,65.66,BuildingB_Floor2,TypeC
1087,2025-04-03 17:09:17,23.16,77.27,BuildingA_Floor2,TypeA
1030,2025-04-03 16:50:19,28.02,53.82,BuildingB_Floor2,TypeA
1094,2025-04-03 04:45:01,24.33,60.17,BuildingB_Floor2,TypeB
1096,2025-04-03 10:42:46,15.41,49.35,BuildingB_Floor1,TypeC
1080,2025-04-07 02:16:41,20.58,76.61,BuildingA_Floor1,TypeB
1088,2025-04-05 19:25:29,24.08,51.6,BuildingB_Floor1,TypeB
1000,2025-04-06 06:42:12,31.28,69.29,BuildingB_Floor1,TypeB
1022,2025-04-03 04:45:20,21.62,39.23,BuildingA_Floor1,TypeA
1052,2025-04-04 20:19:28,19.57,36.24,BuildingA_Floor1,TypeA
1083,2025-04-04 18:18:27,23.9,46.35,BuildingA_Floor2,TypeC
1058,2025-04-04 18:46:35,26.8,43.46,BuildingB_Floor1,TypeA
1013,2025-04-04 02:01:18,16.8,60.98,BuildingA_Floor2,TypeA
1015,2025-04-03 00:18:40,26.07,69.26,BuildingB_Floor1,TypeB
1094,2025-04-05 12:58:22,21.35,76.01,BuildingA_Floor1,TypeC
1055,2025-04-03 18:42:27,34.11,35.43,BuildingA_Floor2,TypeB
1082,2025-04-04 06:07:37,28.21,61.55,BuildingA_Floor2,TypeB
1038,2025-04-06 02:05:17,23.57,78.41,BuildingB_Floor1,TypeC
1006,2025-04-04 04:00:50,21.67,77.99,BuildingA_Floor1,TypeA
1031,2025-04-07 07:52:09,18.27,50.87,BuildingB_Floor2,TypeC
1093,2025-04-03 12:47:56,24.3,61.77,BuildingA_Floor2,TypeB
1087,2025-04-06 06:15:14,20.58,49.85,BuildingB_Floor2,TypeA
1020,2025-04-06 17:03:46,33.64,68.32,BuildingA_Floor2,TypeC
1070,2025-04-07 09:05:23,25.44,34.46,BuildingB_Floor1,TypeA
1078,2025-04-07 09:40:49,25.15,40.84,BuildingB_Floor2,TypeB
1039,2025-04-02 18:13:21,18.71,70.12,BuildingA_Floor2,TypeC
1027,2025-04-04 23:40:14,34.1,40.23,BuildingA_Floor2,TypeA
1024,2025-04-04 20:05:22,31.92,41.3,BuildingB_Floor1,TypeC
1034,2025-04-04 21:47:12,24.78,43.38,BuildingB_Floor1,TypeB
1055,2025-04-04 16:12:05,32.45,52.55,BuildingB_Floor2,TypeC
1056,2025-04-07 11:31:02,32.61,69.43,BuildingB_Floor1,TypeB
1078,2025-04-07 00:05:15,28.62,75.79,BuildingA_Floor1,TypeC
1098,2025-04-03 09:33:40,34.59,49.55,BuildingA_Floor1,TypeC
1056,2025-04-03 18:46:57,25.92,53.58,BuildingA_Floor1,TypeA
1014,2025-04-03 13:03:24,20.12,53.38,BuildingB_Floor2,TypeC
1065,2025-04-06 16:48:05,28.58,74.99,BuildingB_Floor2,TypeA
1009,2025-04-02 20:43:20,29.37,43.83,BuildingB_Floor2,TypeB
1090,2025-04-05 10:50:58,28.28,69.96,BuildingA_Floor2,TypeC
1068,2025-04-07 05:21:59,21.48,46.6,BuildingA_Floor2,TypeC
1012,2025-04-05 02:58:22,28.53,30.66,BuildingB_Floor2,TypeC
1029,2025-04-04 20:22:40,28.65,64.89,BuildingA_Floor2,TypeB
1013,2025-04-03 07:52:02,30.78,37.32,BuildingB_Floor1,TypeA
1087,2025-04-07 04:56:38,24.21,37.03,BuildingA_Floor2,TypeB
1009,2025-04-04 02:39:06,33.22,73.73,BuildingA_Floor1,TypeA
1096,2025-04-05 19:08:50,28.98,36.93,BuildingA_Floor1,TypeC
1029,2025-04-06 17:54:03,24.66,49.85,BuildingB_Floor1,TypeC
1094,2025-04-06 00:59:09,23.71,49.1,BuildingA_Floor1,TypeC
1064,2025-04-04 20:25:45,15.49,31.05,BuildingB_Floor1,TypeC
1100,2025-04-03 02:08:54,33.57,70.57,BuildingA_Floor1,TypeA
1077,2025-04-04 23:40:58,32.51,66.68,BuildingB_Floor1,TypeA
1093,2025-04-05 05:16:06,28.91,36.87,BuildingA_Floor2,TypeC
1076,2025-04-07 08:23:09,15.53,60.09,BuildingA_Floor1,TypeC
1089,2025-04-02 12:52:49,19.95,60.88,BuildingB_Floor1,TypeA
1003,2025-04-07 12:14:18,28.48,61.33,BuildingA_Floor2,TypeA
1080,2025-04-06 10:06:26,17.92,41.46,BuildingB_Floor1,TypeB
1006,2025-04-04 09:13:06,15.44,48.27,BuildingA_Floor2,TypeB
1094,2025-04-06 08:10:39,31.58,73.51,BuildingB_Floor1,TypeA
1074,2025-04-05 12:49:42,21.93,36.39,BuildingA_Floor1,TypeC
1059,2025-04-07 07:17:54,19.34,76.4,BuildingA_Floor1,TypeA
1019,2025-04-05 02:53:06,31.38,35.26,BuildingA_Floor1,TypeB
1034,2025-04-04 01:41:44,33.46,46.85,BuildingA_Floor2,TypeA
1084,2025-04-04 10:03:17,19.96,48.97,BuildingB_Floor2,TypeC
1099,2025-04-06 05:51:06,34.88,55.86,BuildingA_Floor1,TypeA
1100,2025-04-07 07:29:18,16.26,36.89,BuildingA_Floor1,TypeB
1008,2025-04-03 06:35:11,22.66,42.31,BuildingB_Floor2,TypeC
1063,2025-04-07 00:48:52,29.26,75.7,BuildingA_Floor1,TypeC
1011,2025-04-05 10:21:29,24.75,32.84,BuildingB_Floor1,TypeB
1079,2025-04-03 14:53:18,17.79,31.62,BuildingA_Floor1,TypeB
1030,2025-04-04 09:47:51,23.88,70.51,BuildingB_Floor1,TypeC
1003,2025-04-07 09:10:33,23.5,67.48,BuildingA_Floor2,TypeC
1027,2025-04-03 06:30:46,17.91,73.28,BuildingB_Floor2,TypeA
1084,2025-04-06 04:48:02,15.88,62.37,BuildingA_Floor1,TypeC
1021,2025-04-04 18:21:04,24.67,59.39,BuildingB_Floor2,TypeC
1032,2025-04-02 22:13:58,32.62,49.35,BuildingA_Floor1,TypeA
1017,2025-04-06 15:33:06,21.56,77.25,BuildingB_Floor1,TypeB
1093,2025-04-03 13:51:59,28.15,56.35,BuildingB_Floor1,TypeA
1029,2025-04-06 15:41:14,17.63,74.53,BuildingA_Floor1,TypeB
1068,2025-04-02 19:39:19,28.08,56.64,BuildingA_Floor2,TypeA
1017,2025-04-03 23:50:00,30.7,60.44,BuildingA_Floor1,TypeB
1079,2025-04-07 03:26:53,24.7,77.32,BuildingA_Floor1,TypeC
1004,2025-04-02 16:00:48,32.43,30.77,BuildingA_Floor2,TypeC
1027,2025-04-06 09:06:55,34.39,53.51,BuildingB_Floor1,TypeB
1041,2025-04-03 14:21:22,25.69,56.08,BuildingB_Floor2,TypeB
1035,2025-04-06 00:46:31,21.17,34.84,BuildingA_Floor2,TypeB
1057,2025-04-05 22:19:35,21.16,30.83,BuildingB_Floor2,TypeB
1004,2025-04-06 19:12:03,20.17,78.78,BuildingB_Floor1,TypeA
1061,2025-04-04 22:36:07,16.94,77.7,BuildingB_Floor2,TypeA
1008,2025-04-04 23:05:53,34.81,40.79,BuildingB_Floor2,TypeC
1045,2025-04-06 19:21:58,18.18,51.33,BuildingB_Floor2,TypeB
1054,2025-04-02 17:27:26,20.97,66.49,BuildingB_Floor2,TypeC
1066,2025-04-05 08:13:51,22.08,52.22,BuildingA_Floor1,TypeC
1083,2025-04-05 01:03:52,31.55,76.88,BuildingA_Floor2,TypeA
1003,2025-04-04 03:37:27,31.13,74.78,BuildingA_Floor1,TypeC
1027,2025-04-07 08:23:17,19.43,63.33,BuildingB_Floor1,TypeA
1066,2025-04-03 16:22:27,29.81,60.29,BuildingA_Floor2,TypeB
1012,2025-04-03 08:20:22,28.93,69.81,BuildingA_Floor2,TypeA
1023,2025-04-05 01:28:34,27.04,79.37,BuildingA_Floor2,TypeC
1095,2025-04-05 02:47:20,27.5,40.6,BuildingA_Floor2,TypeB
1094,2025-04-06 10:00:52,18.69,66.39,BuildingB_Floor1,TypeC
1016,2025-04-06 08:30:51,28.61,41.09,BuildingA_Floor2,TypeA
1091,2025-04-06 07:01:10,25.67,68.39,BuildingA_Floor1,TypeC
1062,2025-04-03 04:42:55,19.97,79.48,BuildingA_Floor2,TypeB
1093,2025-04-06 19:48:35,16.64,37.76,BuildingA_Floor1,TypeB
1047,2025-04-02 17:45:11,21.53,72.02,BuildingB_Floor1,TypeB
1050,2025-04-06 19:32:40,30.0,67.77,BuildingB_Floor2,TypeA
1099,2025-04-04 05:07:40,32.36,67.67,BuildingB_Floor1,TypeC
1078,2025-04-07 03:21:01,20.71,34.05,BuildingB_Floor1,TypeB
1057,2025-04-02 18:53:15,26.39,50.32,BuildingA_Floor1,TypeB
1045,2025-04-04 17:00:39,21.13,34.71,BuildingA_Floor1,TypeC
1093,2025-04-07 00:55:46,33.01,55.99,BuildingA_Floor1,TypeA
1078,2025-04-07 07:24:05,27.56,34.77,BuildingA_Floor1,TypeA
1091,2025-04-05 01:04:28,31.16,51.39,BuildingA_Floor2,TypeB
1058,2025-04-03 21:53:30,25.25,60.94,BuildingA_Floor1,TypeC
1038,2025-04-05 16:36:08,27.04,56.99,BuildingB_Floor2,TypeB
1073,2025-04-06 19:28:42,27.34,34.19,BuildingB_Floor1,TypeA
1013,2025-04-06 07:59:04,27.18,37.9,BuildingB_Floor2,TypeC
1079,2025-04-06 22:18:44,32.7,45.67,BuildingB_Floor1,TypeC
1096,2025-04-02 19:35:04,22.71,77.99,BuildingB_Floor2,TypeB
1056,2025-04-07 08:25:16,28.14,51.74,BuildingA_Floor2,TypeB
1042,2025-04-03 12:33:17,16.4,38.29,BuildingA_Floor1,TypeA
1094,2025-04-07 09:49:02,18.23,67.99,BuildingA_Floor1,TypeA
1011,2025-04-02 12:39:59,19.67,75.6,BuildingA_Floor2,TypeB
1083,2025-04-03 10:19:57,34.3,68.71,BuildingA_Floor1,TypeA
1008,2025-04-05 16:18:11,26.8,53.24,BuildingB_Floor1,TypeB
1052,2025-04-07 04:18:39,18.86,54.95,BuildingB_Floor2,TypeB
1018,2025-04-03 03:05:31,26.55,72.12,BuildingB_Floor2,TypeC
1010,2025-04-04 17:16:35,29.34,60.03,BuildingA_Floor2,TypeB
1017,2025-04-04 13:35:32,21.73,42.01,BuildingA_Floor1,TypeC
1073,2025-04-06 18:51:57,30.06,38.72,BuildingB_Floor2,TypeC
1053,2025-04-03 15:13:33,33.15,34.66,BuildingA_Floor2,TypeB
1098,2025-04-07 05:52:06,25.78,68.83,BuildingA_Floor2,TypeC
1065,2025-04-04 16:39:43,27.37,56.1,BuildingA_Floor1,TypeA
1090,2025-04-04 01:35:26,29.68,46.2,BuildingA_Floor2,TypeA
1038,2025-04-04 01:30:43,32.32,34.93,BuildingA_Floor1,TypeA
1093,2025-04-07 04:15:03,26.68,49.79,BuildingA_Floor1,TypeC
1075,2025-04-06 06:01:37,20.35,69.98,BuildingA_Floor1,TypeA
1083,2025-04-02 23:02:49,30.75,73.44,BuildingB_Floor1,TypeB
1083,2025-04-07 01:07:34,32.05,65.22,BuildingA_Floor1,TypeC
1042,2025-04-07 05:05:13,16.38,53.05,BuildingB_Floor2,TypeB
1078,2025-04-03 21:16:29,22.4,48.16,BuildingB_Floor1,TypeB
1091,2025-04-03 17:06:10,29.69,55.43,BuildingB_Floor1,TypeC
1096,2025-04-05 06:36:36,33.77,69.32,BuildingA_Floor1,TypeC
1087,2025-04-04 09:36:37,27.17,75.43,BuildingB_Floor1,TypeB
1087,2025-04-03 07:53:19,20.06,46.96,BuildingB_Floor1,TypeC
1024,2025-04-07 06:30:09,31.86,68.34,BuildingB_Floor1,TypeB
1087,2025-04-04 22:25:30,29.21,32.0,BuildingA_Floor2,TypeA
1029,2025-04-06 10:07:28,25.85,50.91,BuildingA_Floor1,TypeA
1009,2025-04-04 22:58:17,15.24,75.04,BuildingA_Floor2,TypeC
1100,2025-04-03 07:09:20,20.87,39.41,BuildingB_Floor1,TypeA
1011,2025-04-06 18:46:45,19.48,40.55,BuildingB_Floor2,TypeA
1012,2025-04-05 04:04:48,32.63,43.93,BuildingB_Floor1,TypeB
1084,2025-04-04 08:57:03,18.52,35.06,BuildingA_Floor2,TypeC
1044,2025-04-03 00:33:27,21.64,35.95,BuildingB_Floor2,TypeC
1061,2025-04-03 06:06:37,31.19,49.12,BuildingB_Floor1,TypeC
1015,2025-04-02 15:54:05,19.75,56.75,BuildingB_Floor2,TypeB
1089,2025-04-05 15:02:13,20.84,76.88,BuildingB_Floor2,TypeC
1006,2025-04-06 00:50:47,27.35,52.0,BuildingA_Floor2,TypeB
1026,2025-04-06 08:57:13,32.28,58.11,BuildingB_Floor1,TypeC
1040,2025-04-05 22:08:16,18.2,38.69,BuildingA_Floor2,TypeA
1002,2025-04-03 20:36:14,27.01,75.72,BuildingB_Floor2,TypeC
1034,2025-04-04 06:23:27,18.38,64.62,BuildingB_Floor2,TypeC
1008,2025-04-02 16:14:48,25.23,69.17,BuildingA_Floor1,TypeA
1014,2025-04-06 13:06:44,27.15,40.5,BuildingA_Floor1,TypeA
1064,2025-04-02 14:54:06,29.24,43.95,BuildingB_Floor2,TypeA
1089,2025-04-03 13:02:47,27.19,59.05,BuildingB_Floor2,TypeC
1096,2025-04-07 02:54:48,24.13,52.85,BuildingB_Floor1,TypeB
1055,2025-04-04 21:55:39,31.98,50.18,BuildingA_Floor1,TypeB
1044,2025-04-07 08:52:12,20.96,33.94,BuildingA_Floor1,TypeC
1020,2025-04-04 15:25:40,18.52,71.51,BuildingA_Floor2,TypeB
1056,2025-04-04 20:07:01,27.6,70.3,BuildingB_Floor1,TypeC
1077,2025-04-03 14:53:55,24.6,33.4,BuildingB_Floor2,TypeB
1081,2025-04-05 22:12:38,31.46,76.36,BuildingB_Floor1,TypeA
1050,2025-04-06 21:41:38,31.38,40.85,BuildingA_Floor1,TypeA
1033,2025-04-03 12:20:07,19.38,59.82,BuildingB_Floor1,TypeC
1023,2025-04-04 23:33:08,27.02,65.04,BuildingA_Floor1,TypeB
1018,2025-04-06 01:59:25,18.38,47.51,BuildingA_Floor1,TypeB
1038,2025-04-06 02:28:09,22.61,55.94,BuildingA_Floor1,TypeB
1077,2025-04-04 02:50:52,29.66,68.66,BuildingA_Floor1,TypeC
1033,2025-04-04 01:40:45,25.0,52.43,BuildingA_Floor1,TypeA
1021,2025-04-04 03:16:17,16.1,62.57,BuildingA_Floor2,TypeA
1079,2025-04-03 10:02:46,23.74,59.85,BuildingA_Floor1,TypeC
1044,2025-04-06 11:30:38,34.29,32.72,BuildingA_Floor2,TypeB
1084,2025-04-07 04:29:26,28.7,65.46,BuildingB_Floor2,TypeB
1061,2025-04-06 02:34:07,22.96,41.91,BuildingA_Floor1,TypeC
1047,2025-04-07 01:02:19,27.17,32.47,BuildingB_Floor2,TypeC
1069,2025-04-03 19:24:42,31.43,48.3,BuildingB_Floor2,TypeC
1070,2025-04-05 04:03:45,28.68,79.26,BuildingA_Floor2,TypeC
1032,2025-04-05 13:15:11,21.48,69.62,BuildingB_Floor2,TypeA
1006,2025-04-03 05:32:55,25.66,33.97,BuildingA_Floor2,TypeA
1054,2025-04-06 22:55:04,24.56,34.21,BuildingB_Floor2,TypeC
1019,2025-04-04 11:48:02,19.95,32.71,BuildingB_Floor2,TypeB
1016,2025-04-04 21:13:06,22.48,41.22,BuildingA_Floor2,TypeA
1093,2025-04-06 20:18:34,18.26,54.06,BuildingB_Floor1,TypeA
1090,2025-04-06 12:22:31,23.5,62.47,BuildingB_Floor1,TypeA
1046,2025-04-04 16:28:19,17.51,41.93,BuildingA_Floor1,TypeC
1081,2025-04-03 11:30:29,20.13,76.56,BuildingA_Floor2,TypeB
1080,2025-04-03 06:32:36,22.19,67.66,BuildingB_Floor2,TypeA
1006,2025-04-04 18:07:59,18.6,77.56,BuildingB_Floor2,TypeB
1079,2025-04-04 00:11:05,31.23,32.8,BuildingA_Floor2,TypeA
1073,2025-04-02 21:38:23,15.45,74.42,BuildingA_Floor1,TypeB
1024,2025-04-06 08:14:39,34.86,71.01,BuildingB_Floor1,TypeC
1089,2025-04-03 19:32:53,18.4,52.87,BuildingB_Floor1,TypeA
1060,2025-04-05 07:30:19,29.56,53.68,BuildingB_Floor1,TypeA
1017,2025-04-04 17:11:38,29.14,57.53,BuildingA_Floor1,TypeC
1027,2025-04-06 13:38:59,16.66,48.98,BuildingA_Floor2,TypeA
1077,2025-04-05 12:00:09,24.58,30.85,BuildingA_Floor1,TypeA
1035,2025-04-03 09:39:51,32.87,55.24,BuildingA_Floor1,TypeC
1069,2025-04-03 06:59:04,15.55,67.84,BuildingA_Floor2,TypeA
1037,2025-04-06 23:12:13,21.28,31.81,BuildingA_Floor2,TypeA
1080,2025-04-07 08:53:15,28.6,32.44,BuildingB_Floor2,TypeC
1016,2025-04-02 23:46:41,32.34,30.44,BuildingA_Floor2,TypeA
1097,2025-04-05 07:08:06,23.25,59.53,BuildingA_Floor2,TypeC
1030,2025-04-06 23:50:57,26.03,55.22,BuildingA_Floor1,TypeC
1098,2025-04-04 07:41:33,15.0,32.36,BuildingA_Floor1,TypeC
1097,2025-04-06 22:27:01,21.15,70.54,BuildingB_Floor2,TypeA
1026,2025-04-04 19:58:36,20.58,50.43,BuildingB_Floor1,TypeB
1033,2025-04-02 21:17:19,30.04,63.13,BuildingA_Floor2,TypeA
1040,2025-04-02 12:36:20,32.37,43.9,BuildingA_Floor2,TypeA
1094,2025-04-05 05:09:49,28.72,49.41,BuildingA_Floor2,TypeB
1012,2025-04-04 01:48:45,27.43,76.21,BuildingA_Floor2,TypeA
1071,2025-04-06 14:46:22,29.38,61.63,BuildingA_Floor1,TypeB
1092,2025-04-03 21:32:53,33.31,45.67,BuildingB_Floor1,TypeB
1075,2025-04-06 09:17:04,19.69,45.36,BuildingB_Floor2,TypeC
1096,2025-04-02 19:36:59,20.0,48.62,BuildingA_Floor2,TypeC
1011,2025-04-04 04:23:36,17.18,57.35,BuildingB_Floor2,TypeA
1029,2025-04-03 08:04:50,18.76,68.83,BuildingA_Floor1,TypeB
1022,2025-04-02 16:46:08,25.08,74.43,BuildingA_Floor1,TypeB
1039,2025-04-05 01:13:12,24.01,79.47,BuildingB_Floor1,TypeA
1000,2025-04-06 01:11:17,30.16,44.98,BuildingB_Floor1,TypeA
1072,2025-04-06 06:11:39,17.23,65.0,BuildingB_Floor2,TypeA
1008,2025-04-02 22:32:02,24.6,50.92,BuildingA_Floor2,TypeB
1097,2025-04-03 11:01:27,24.78,75.78,BuildingB_Floor2,TypeB
1039,2025-04-03 15:41:32,27.28,68.07,BuildingA_Floor2,TypeC
1088,2025-04-07 10:01:18,20.0,38.53,BuildingB_Floor1,TypeA
1027,2025-04-06 21:31:29,30.68,37.54,BuildingB_Floor1,TypeB
1064,2025-04-04 15:44:55,22.82,54.1,BuildingA_Floor2,TypeB
1017,2025-04-03 23:20:48,15.75,73.25,BuildingA_Floor1,TypeC
1072,2025-04-06 19:23:18,27.7,45.37,BuildingB_Floor1,TypeA
1007,2025-04-03 11:31:47,17.83,70.12,BuildingB_Floor2,TypeA
1066,2025-04-04 06:32:15,16.01,64.07,BuildingB_Floor2,TypeA
1056,2025-04-04 06:36:54,31.61,45.06,BuildingA_Floor1,TypeC
1054,2025-04-04 23:32:37,26.02,49.21,BuildingB_Floor1,TypeC
1061,2025-04-04 04:37:23,24.58,37.7,BuildingB_Floor2,TypeB
1069,2025-04-06 21:52:52,17.79,35.05,BuildingB_Floor2,TypeA
1043,2025-04-05 09:38:19,17.17,77.09,BuildingB_Floor1,TypeC
1010,2025-04-06 07:41:10,29.65,36.11,BuildingA_Floor2,TypeB
1041,2025-04-03 09:07:47,22.06,55.94,BuildingA_Floor2,TypeA
1013,2025-04-07 02:52:54,32.8,75.5,BuildingA_Floor2,TypeB
1087,2025-04-05 12:22:36,29.23,30.37,BuildingA_Floor2,TypeA
1053,2025-04-03 21:23:12,29.83,59.79,BuildingB_Floor2,TypeA
1071,2025-04-04 10:35:25,15.17,58.41,BuildingB_Floor1,TypeC
1019,2025-04-06 05:19:40,33.02,76.31,BuildingA_Floor1,TypeA
1089,2025-04-06 15:17:06,30.69,73.7,BuildingB_Floor1,TypeC
1000,2025-04-03 23:12:06,34.07,55.09,BuildingB_Floor2,TypeC
1038,2025-04-04 20:37:50,31.62,43.57,BuildingB_Floor1,TypeC
1057,2025-04-05 03:25:18,19.13,41.1,BuildingB_Floor1,TypeC
1005,2025-04-03 20:15:15,21.1,43.73,BuildingB_Floor2,TypeC
1070,2025-04-03 22:12:15,34.51,38.99,BuildingA_Floor1,TypeC
1026,2025-04-04 21:45:55,26.47,66.37,BuildingB_Floor1,TypeB
1038,2025-04-06 08:48:33,26.03,33.31,BuildingB_Floor1,TypeC
1042,2025-04-05 19:25:08,22.07,53.5,BuildingB_Floor1,TypeA
1044,2025-04-06 15:46:20,19.8,72.7,BuildingB_Floor2,TypeA
1006,2025-04-05 16:36:40,16.35,74.7,BuildingB_Floor2,TypeC
1068,2025-04-03 13:59:12,33.08,42.71,BuildingB_Floor1,TypeA
1084,2025-04-06 17:09:38,16.31,41.35,BuildingB_Floor2,TypeA
1073,2025-04-05 01:16:27,27.88,55.56,BuildingA_Floor1,TypeA
1005,2025-04-03 04:03:28,20.69,63.54,BuildingA_Floor2,TypeB
1045,2025-04-06 13:17:25,27.14,44.56,BuildingB_Floor2,TypeC
1056,2025-04-05 23:13:26,27.12,76.25,BuildingB_Floor2,TypeA
1073,2025-04-07 02:51:21,29.85,30.2,BuildingA_Floor2,TypeC
1009,2025-04-03 19:36:08,26.09,41.62,BuildingB_Floor1,TypeA
1065,2025-04-03 00:04:58,34.87,56.16,BuildingB_Floor2,TypeB
1012,2025-04-07 03:32:52,32.0,78.8,BuildingB_Floor2,TypeA
1093,2025-04-03 08:58:20,19.85,53.26,BuildingA_Floor2,TypeB
1036,2025-04-07 04:35:14,22.47,40.18,BuildingB_Floor1,TypeB
1065,2025-04-05 13:25:43,24.21,38.51,BuildingA_Floor1,TypeB
1098,2025-04-06 11:18:33,21.84,57.35,BuildingA_Floor1,TypeB
1043,2025-04-04 03:46:03,31.91,38.05,BuildingA_Floor2,TypeC
1058,2025-04-07 06:42:20,33.59,60.86,BuildingB_Floor1,TypeB
1028,2025-04-04 05:59:26,25.9,52.74,BuildingA_Floor1,TypeA
1039,2025-04-06 15:57:05,27.69,62.7,BuildingB_Floor1,TypeA
1094,2025-04-04 16:28:52,29.78,45.34,BuildingA_Floor2,TypeC
1096,2025-04-02 19:55:19,31.56,43.51,BuildingB_Floor2,TypeC
1097,2025-04-05 17:27:48,29.71,55.67,BuildingA_Floor1,TypeB
1079,2025-04-06 06:49:04,22.39,52.21,BuildingB_Floor1,TypeA
